{
    "playlist": [
      {
        "id": 1,
        "artist": "Oasis",
        "track": "Half The World Away",
        "listened": false,
        "favourite": false,
        "song": {
          "id": 1,
          "artist": "Oasis",
          "track": "Half The World Away",
          "listened": true,
          "favourite": true,
          "song": {
            "id": 1,
            "artist": "Oasis",
            "track": "Half The World Away",
            "listened": true,
            "favourite": true
          }
        }
      },
      {
        "id": 2,
        "artist": "Pink Floyd",
        "track": "Wish You Were Here",
        "listened": true,
        "favourite": false,
        "song": {
          "id": 2,
          "artist": "Pink Floyd",
          "track": "Wish You Were Here",
          "listened": true,
          "favourite": true
        }
      },
      {
        "id": 3,
        "artist": "Blink-182",
        "track": "All The Small Things",
        "listened": false,
        "favourite": true,
        "song": {
          "id": 3,
          "artist": "Blink-182",
          "track": "All The Small Things",
          "listened": false,
          "favourite": false,
          "song": {
            "id": 3,
            "artist": "Blink-182",
            "track": "All The Small Things",
            "listened": true,
            "favourite": true,
            "song": {
              "id": 3,
              "artist": "Blink-182",
              "track": "All The Small Things",
              "listened": true,
              "favourite": true,
              "song": {
                "id": 3,
                "artist": "Blink-182",
                "track": "All The Small Things",
                "listened": false,
                "favourite": false
              }
            }
          }
        }
      },
      {
        "id": 4,
        "artist": "Third Eye Blind",
        "track": "Get Me Out Of Here",
        "listened": true,
        "favourite": true
      },
      {
        "id": 5,
        "artist": "The Chainsmokers",
        "track": "Closer",
        "listened": false,
        "favourite": true,
        "song": {
          "id": 5,
          "artist": "The Chainsmokers",
          "track": "Closer",
          "listened": true,
          "favourite": true,
          "song": {
            "id": 5,
            "artist": "The Chainsmokers",
            "track": "Closer",
            "listened": true,
            "favourite": false,
            "song": {
              "id": 5,
              "artist": "The Chainsmokers",
              "track": "Closer",
              "listened": true,
              "favourite": false
            }
          }
        }
      },
      {
        "id": 6,
        "artist": "Sia",
        "track": "Cheap Thrills",
        "listened": false,
        "favourite": false
      },
      {
        "id": 7,
        "artist": "Birdy",
        "track": "Wild Horses",
        "listened": true,
        "favourite": true
      },
      {
        "id": 8,
        "artist": "Stereophonics",
        "track": "Local Boy In The Photograph",
        "listened": false,
        "favourite": false
      }
    ]
  }